"Title","Category","Root","Extension","RelativePath","SizeBytes","LastModified"
"Project-G2","APS/G2/provability","Logic & Logic","md","Logic & Logic\Project-G2.md","4899","2026-05-21T05:38:05"
"「0.99…＝1」問題","Logic","Logic & Logic","md","Logic & Logic\「0.99…＝1」問題.md","20331","2026-05-29T22:54:02"
"2019 年度 計算可能性理論特論・講義ノート","Logic","Logic & Logic","md","Logic & Logic\2019 年度 計算可能性理論特論・講義ノート.md","0","2025-02-16T03:07:01"
"Haskell_BASIC","Logic","Logic & Logic","md","Logic & Logic\Haskell_BASIC.md","214","2026-05-14T08:58:12"
"Math&Logic","Logic","Logic & Logic","md","Logic & Logic\Math&Logic.md","2193","2025-09-11T14:43:04"
"この文は証明である","Logic","Logic & Logic","md","Logic & Logic\この文は証明である.md","1348","2025-09-18T00:11:29"
"この文を発言することはできない","Logic","Logic & Logic","md","Logic & Logic\この文を発言することはできない.md","68","2025-09-26T19:39:53"
"セミナー","Logic","Logic & Logic","md","Logic & Logic\セミナー.md","565","2026-04-01T17:52:26"
"マーティン予想","Logic","Logic & Logic","md","Logic & Logic\マーティン予想.md","530","2025-02-15T19:28:05"
"ロジック✕TCS✕ゲーム","Logic","Logic & Logic","md","Logic & Logic\ロジック✕TCS✕ゲーム.md","72","2026-05-14T05:00:31"
"記述集合論 (田中)","Logic","Logic & Logic","md","Logic & Logic\記述集合論 (田中).md","292","2025-02-20T18:49:16"
"興味の変遷 (Logic)","Logic","Logic & Logic","md","Logic & Logic\興味の変遷 (Logic).md","2058","2026-03-11T03:56:39"
"研究_ワークフロー","Logic","Logic & Logic","md","Logic & Logic\研究_ワークフロー.md","575","2026-06-15T07:33:13"
"研究の半自動化","Logic","Logic & Logic","md","Logic & Logic\研究の半自動化.md","906","2026-05-30T20:18:38"
"研究紹介2","Logic","Logic & Logic","md","Logic & Logic\研究紹介2.md","473","2025-09-11T16:21:06"
"構造的強制の例","Logic","Logic & Logic","md","Logic & Logic\構造的強制の例.md","879","2025-10-15T19:20:41"
"最近の興味 (Logic)","Logic","Logic & Logic","md","Logic & Logic\最近の興味 (Logic).md","10228","2026-05-22T12:04:20"
"自分の最終行に言及する文","Logic","Logic & Logic","md","Logic & Logic\自分の最終行に言及する文.md","1242","2025-09-17T19:55:19"
"手打ちノーテーション","Logic","Logic & Logic","md","Logic & Logic\手打ちノーテーション.md","177","2026-03-04T16:46:43"
"数理論理学_分野別","Logic","Logic & Logic","md","Logic & Logic\数理論理学_分野別.md","1760","2026-04-02T20:18:19"
"数理論理学徒のホームページ集","Logic","Logic & Logic","md","Logic & Logic\数理論理学徒のホームページ集.md","384","2026-03-26T10:32:12"
"不完全性現象は2種類の自己言及により生まれる","Logic","Logic & Logic","md","Logic & Logic\不完全性現象は2種類の自己言及により生まれる.md","2361","2025-10-11T03:36:51"
"不完全性定理","Logic","Logic & Logic","md","Logic & Logic\不完全性定理.md","209","2025-01-31T08:28:53"
"命題論理","Logic","Logic & Logic","md","Logic & Logic\命題論理.md","31","2025-01-31T09:00:19"
"論理の物性をみる","Logic","Logic & Logic","md","Logic & Logic\論理の物性をみる.md","449","2026-04-11T01:10:15"
"K4上同値な原理","Proof memo","Proof_memo","md","Proof_memo\K4上同値な原理.md","10128","2025-10-13T22:25:30"
"MN,MN4の算術的完全性","Proof memo","Proof_memo","md","Proof_memo\MN,MN4の算術的完全性.md","3131","2025-10-05T17:55:08"
"自己可証文は自己自己可証文になる","Proof memo","Proof_memo","md","Proof_memo\自己可証文は自己自己可証文になる.md","1571","2025-09-21T09:55:10"
"相互言及補題","Proof memo","Proof_memo","md","Proof_memo\相互言及補題.md","1601","2025-10-04T18:01:07"
"@artemov_1993","Literature","References","md","References\@artemov_1993.md","4168","2025-10-02T16:59:51"
"@kogure_2023","Literature","References","md","References\@kogure_2023.md","162","2025-10-05T05:19:14"
"@smullyan_1986","Literature","References","md","References\@smullyan_1986.md","94","2025-09-21T08:12:42"
"@suzukiRelativeLeftmostPath2025","Literature","References","md","References\@suzukiRelativeLeftmostPath2025.md","137","2025-09-04T20:28:50"
"「これは証明可能性述語ではない」述語モデル","Literature","References","md","References\Research\「これは証明可能性述語ではない」述語モデル.md","129","2025-09-03T19:48:45"
"A.Visser, Categories of Theories and Interpretations","Literature","References","md","References\A.Visser, Categories of Theories and Interpretations.md","1839","2026-02-24T08:03:50"
"A.Visser, INTERPRETABILITY DEGREES OF FINITELY AXIOMATIZED SEQUENTIAL THEORIES","Literature","References","md","References\A.Visser, INTERPRETABILITY DEGREES OF FINITELY AXIOMATIZED SEQUENTIAL THEORIES.md","133","2026-02-20T06:44:05"
"Abstract Algebraic Logic – 1st lesson","Literature","References","md","References\Abstract Algebraic Logic – 1st lesson.md","591","2026-03-25T17:46:34"
"Abstract Algebraic Logic – 2st lesson","Literature","References","md","References\Abstract Algebraic Logic – 2st lesson.md","368","2026-03-25T21:33:02"
"Abstract G2-ZOO","Literature","References","md","References\Abstract G2-ZOO.md","1122","2026-05-25T16:59:43"
"Another look at the second incompleteness theorem","Literature","References","md","References\Another look at the second incompleteness theorem.md","999","2026-02-08T06:39:49"
"Can we make the second incompleteness theorem coodinate free (qy)","Literature","References","md","References\Can we make the second incompleteness theorem coodinate free (qy).md","759","2026-02-23T17:22:12"
"CLAUDIO BERNARDI and PAOLA D'AQUINO,Topologicαl Duality for Diagonalίzable Algebras","Literature","References","md","References\CLAUDIO BERNARDI and PAOLA D'AQUINO,Topologicαl Duality for Diagonalίzable Algebras.md","30","2026-03-05T17:29:43"
"Edwin D. Mares, The Incompleteness of RGL","Literature","References","md","References\Edwin D. Mares, The Incompleteness of RGL.md","0","2026-03-03T11:36:00"
"Finitely Axiomatized Theories Lack Self-Comprehension","Literature","References","md","References\Finitely Axiomatized Theories Lack Self-Comprehension.md","3736","2026-03-03T23:19:43"
"G2-zoo","Literature","References","md","References\Research\動物園動物園\G2-zoo.md","15236","2026-05-30T23:04:40"
"G2と証明論の幾何学","Literature","References","md","References\Research\G2と証明論の幾何学.md","549","2026-05-03T06:02:09"
"GIOVANNA D’AGOSTINO, Topological Structure of Diagonalizable Algebras and Corresponding Logical Properties of Theories","Literature","References","md","References\GIOVANNA D’AGOSTINO, Topological Structure of Diagonalizable Algebras and Corresponding Logical Properties of Theories.md","82","2026-03-05T12:14:28"
"Lev Beklemishev, Generalizations of Gödel’s second theorem to systems of arithmetic based on non-classical logic","Literature","References","md","References\Lev Beklemishev, Generalizations of Gödel’s second theorem to systems of arithmetic based on non-classical logic.md","16278","2026-04-21T04:17:55"
"Lewisian Fixed Points I Two Incomparable Constructions","Literature","References","md","References\Lewisian Fixed Points I Two Incomparable Constructions.md","0","2026-03-04T22:53:18"
"Löbの定理","Literature","References","md","References\Research\Löbの定理.md","4611","2025-10-26T05:45:59"
"N上の分類","Literature","References","md","References\Research\N上の分類.md","1505","2025-09-26T16:58:01"
"P.Henk, Kripke Models Built from Models of Arithmetic","Literature","References","md","References\P.Henk, Kripke Models Built from Models of Arithmetic.md","195","2026-01-30T06:36:55"
"P.Lindström, Aspect of Incompleteness","Literature","References","md","References\P.Lindström, Aspect of Incompleteness.md","103","2026-02-09T12:05:10"
"pakhomovReducing$o$modelReflection2022","Literature","References","md","References\pakhomovReducing$o$modelReflection2022.md","126","2025-09-04T21:50:33"
"PAVEL PUDLÁK, SOME PRIME ELEMENTS IN THE LATTICE OF INTERPRETABILITY TYPES BY","Literature","References","md","References\PAVEL PUDLÁK, SOME PRIME ELEMENTS IN THE LATTICE OF INTERPRETABILITY TYPES BY.md","179","2026-02-14T18:23:04"
"README","Literature","References","md","References\Zotero\notes\README.md","203","2026-06-21T02:20:29"
"README","Literature","References","md","References\Zotero\bib\README.md","222","2026-06-21T02:20:26"
"Refinements of provability and consistency principles for the second incompleteness theorem","Literature","References","md","References\Refinements of provability and consistency principles for the second incompleteness theorem.md","36","2026-05-10T19:35:47"
"Rosser の証明可能性述語","Literature","References","md","References\Research\Rosser の証明可能性述語.md","3944","2025-10-13T16:28:30"
"Sequential Theory","Literature","References","md","References\Sequential Theory.md","475","2026-05-11T04:41:28"
"suzukiRelativeLeftmostPath2025","Literature","References","md","References\suzukiRelativeLeftmostPath2025.md","17","2025-09-04T21:51:33"
"The absorption law Or how to Kreisel a Hilbert–Bernays–Löb","Literature","References","md","References\The absorption law Or how to Kreisel a Hilbert–Bernays–Löb.md","17","2026-02-08T11:33:32"
"テーマリスト","Literature","References","md","References\Research\テーマリスト.md","6785","2025-10-31T01:05:09"
"モダスポネンス動物園","Literature","References","md","References\Research\動物園動物園\モダスポネンス動物園.md","2354","2025-10-06T20:51:27"
"解釈可能性次数","Literature","References","md","References\Research\解釈可能性次数.md","13959","2026-03-30T15:58:55"
"関係の様相論理","Literature","References","md","References\Research\関係の様相論理.md","247","2025-09-29T22:18:51"
"奇妙な抽象的帰結関係一覧","Literature","References","md","References\Research\動物園動物園\奇妙な抽象的帰結関係一覧.md","418","2026-03-10T02:56:40"
"巨大可算証明述語","Literature","References","md","References\Research\巨大可算証明述語.md","325","2025-09-03T19:11:52"
"形式体系一覧","Literature","References","md","References\Research\動物園動物園\形式体系一覧.md","277","2026-03-09T06:14:43"
"圏論的証明可能性論理","Literature","References","md","References\Research\圏論的証明可能性論理.md","2686","2025-10-31T02:26:05"
"圏論的第二不完全性定理","Literature","References","md","References\Research\圏論的第二不完全性定理.md","2991","2026-04-28T04:26:37"
"圏論的抽象代数論理","Literature","References","md","References\Research\圏論的抽象代数論理.md","8239","2026-05-16T01:28:04"
"研究アイデア・ダッシュボード","Literature","References","md","References\Research\研究アイデア・ダッシュボード.md","4370","2026-06-21T02:22:18"
"研究アイデアテンプレート","Literature","References","md","References\Research\研究アイデアテンプレート.md","1160","2026-06-15T07:33:12"
"研究アイデア運用ガイド","Literature","References","md","References\Research\研究アイデア運用ガイド.md","2682","2026-06-15T07:33:13"
"研究システム運用","Literature","References","md","References\Research\研究システム運用.md","2601","2026-06-21T02:44:18"
"研究テーマ相関図","Literature","References","md","References\Research\研究テーマ相関図.md","5025","2025-10-31T01:05:09"
"研究リンク棚卸し","Literature","References","md","References\Research\研究リンク棚卸し.md","1313","2026-06-21T02:21:21"
"研究課題一覧","Literature","References","md","References\Research\研究課題一覧.md","1182","2026-04-24T11:51:58"
"研究成果リスト","Literature","References","md","References\Research\研究成果リスト.md","7690","2026-06-15T08:00:13"
"現在の研究テーマ - ミニリスト","Literature","References","md","References\Research\現在の研究テーマ - ミニリスト.md","5857","2026-04-05T17:39:23"
"公理的真理論","Literature","References","md","References\Research\公理的真理論.md","427","2026-02-06T17:20:42"
"私的オープン☆クエスチョンズ","Literature","References","md","References\Research\私的オープン☆クエスチョンズ.md","7293","2025-12-19T09:06:36"
"自己言及","Literature","References","md","References\Research\自己言及.md","1704","2025-10-11T21:26:05"
"自己言及と様相","Literature","References","md","References\Research\自己言及と様相.md","9538","2025-10-02T15:20:36"
"自己言及関係","Literature","References","md","References\Research\自己言及関係.md","5217","2025-09-29T20:01:58"
"自己言及述語","Literature","References","md","References\Research\自己言及述語.md","2298","2026-01-31T02:59:24"
"自己言及文【第一弾】","Literature","References","md","References\Research\自己言及文【第一弾】.md","229","2025-09-03T19:46:14"
"自己言及文一覧 ver.2 - 不動点の理論","Literature","References","md","References\Research\動物園動物園\自己言及文一覧 ver.2 - 不動点の理論.md","17139","2025-10-11T21:59:56"
"渋谷セミナー2 (2026.5.08)","Literature","References","md","References\Research\渋谷セミナー2 (2026.5.08).md","4967","2026-05-30T23:04:12"
"述語の論理","Literature","References","md","References\Research\述語の論理.md","313","2025-10-26T22:34:05"
"述語モデルと形式世界","Literature","References","md","References\Research\述語モデルと形式世界.md","13278","2025-10-31T01:05:09"
"述語モデル一覧","Literature","References","md","References\Research\動物園動物園\述語モデル一覧.md","835","2025-09-03T19:44:31"
"述語モデル一覧 ver.2","Literature","References","md","References\Research\動物園動物園\述語モデル一覧 ver.2.md","1546","2025-09-30T04:11:40"
"述語量化証明可能性論理","Literature","References","md","References\Research\述語量化証明可能性論理.md","1563","2025-10-11T22:50:08"
"小定理・モデル関係ビジュアライザー","Literature","References","md","References\Research\小定理・モデル関係ビジュアライザー.md","2188","2026-06-21T15:15:58"
"証明可能性述語の分解Ⅱ","Literature","References","md","References\Research\証明可能性述語の分解Ⅱ.md","481","2025-09-03T19:48:06"
"証明可能性代数","Literature","References","md","References\Research\証明可能性代数.md","1267","2026-02-28T15:00:14"
"証明可能性論理の濃度","Literature","References","md","References\Research\証明可能性論理の濃度.md","4920","2025-10-31T01:05:09"
"証明可能体系","Literature","References","md","References\Research\証明可能体系.md","4830","2025-11-11T23:34:55"
"真理定義述語動物園","Literature","References","md","References\Research\真理定義述語動物園.md","1361","2025-09-27T02:03:16"
"数化作用素動物園","Literature","References","md","References\Research\動物園動物園\数化作用素動物園.md","2922","2025-09-16T07:27:01"
"数理論理学者_一覧","Literature","References","md","References\Research\数理論理学者_一覧.md","2808","2026-05-17T01:54:07"
"双対理論","Literature","References","md","References\Research\双対理論.md","347","2025-09-23T13:41:35"
"倉橋, 導出可能性条件の様相論理に関するこれまでの研究","Literature","References","md","References\倉橋, 導出可能性条件の様相論理に関するこれまでの研究.md","235","2026-02-09T13:02:02"
"多様相証明可能性論理","Literature","References","md","References\Research\多様相証明可能性論理.md","1234","2025-09-23T12:13:45"
"第2不完全性定理","Literature","References","md","References\Research\第2不完全性定理.md","17327","2025-10-16T02:24:49"
"第二不完全性定理と非古典論理","Literature","References","md","References\Research\第二不完全性定理と非古典論理.md","3581","2026-03-11T04:14:24"
"抽象証明論","Literature","References","md","References\Research\抽象証明論.md","130","2026-04-02T03:43:20"
"抽象的証明可能構造","Literature","References","md","References\Research\抽象的証明可能構造.md","108119","2026-06-21T14:19:06"
"抽象的代数論理学","Literature","References","md","References\Research\抽象的代数論理学.md","18532","2026-05-06T05:09:09"
"抽象的余代数論理","Literature","References","md","References\Research\抽象的余代数論理.md","428","2026-03-27T19:52:29"
"哲学的論理学","Literature","References","md","References\Research\哲学的論理学.md","61","2026-04-02T03:21:40"
"導出可能性次数","Literature","References","md","References\Research\導出可能性次数.md","2706","2026-02-25T23:34:26"
"特殊な反映原理","Literature","References","md","References\Research\特殊な反映原理.md","434","2025-09-03T19:46:48"
"独立命題","Literature","References","md","References\Research\独立命題.md","379","2025-10-09T03:50:53"
"反映原理","Literature","References","md","References\Research\動物園動物園\反映原理.md","2495","2025-10-28T18:09:43"
"非古典命題論理動物園","Literature","References","md","References\Research\動物園動物園\非古典命題論理動物園.md","787","2026-03-27T01:49:52"
"非正規 2重証明可能性論理","Literature","References","md","References\Research\非正規 2重証明可能性論理.md","689","2025-10-27T04:09:03"
"非正規証明述語論理","Literature","References","md","References\Research\非正規証明述語論理.md","0","2025-09-16T09:08:19"
"病的な推論特性の一覧","Literature","References","md","References\Research\動物園動物園\病的な推論特性の一覧.md","11422","2025-09-28T19:43:35"
"病的な様相公理を満たす述語モデル","Literature","References","md","References\Research\病的な様相公理を満たす述語モデル.md","647","2025-09-03T19:47:29"
"不完全性定理の一般化","Literature","References","md","References\Research\不完全性定理の一般化.md","1925","2025-12-15T16:38:45"
"普遍代数","Literature","References","md","References\普遍代数.md","209","2026-05-05T17:00:55"
"普遍論理学","Literature","References","md","References\Research\普遍論理学.md","804","2026-04-02T21:43:54"
"部分構造論理","Literature","References","md","References\Research\部分構造論理.md","672","2026-04-17T07:43:59"
"分野別文献集","Literature","References","md","References\Research\分野別文献集.md","3034","2025-11-03T18:49:39"
"文献ダッシュボード","Literature","References","md","References\Zotero\文献ダッシュボード.md","1040","2026-06-21T02:44:15"
"文献管理・Zotero導入","Literature","References","md","References\Zotero\文献管理・Zotero導入.md","2353","2026-06-21T02:44:23"
"文献候補Inbox","Literature","References","md","References\Zotero\文献候補Inbox.md","909","2026-06-23T07:23:53"
"保存性定理動物園","Literature","References","md","References\Research\動物園動物園\保存性定理動物園.md","379","2025-09-28T07:19:00"
"膨らんだ自己言及文","Literature","References","md","References\Research\膨らんだ自己言及文.md","5657","2025-10-04T22:04:55"
"未解決問題リスト","Literature","References","md","References\Research\未解決問題リスト.md","9676","2026-06-15T08:00:13"
"無限変数述語","Literature","References","md","References\Research\無限変数述語.md","3142","2025-09-29T22:23:24"
"無矛盾性","Literature","References","md","References\Research\無矛盾性.md","1327","2025-10-19T15:17:18"
"無矛盾性述語と無矛盾性論理","Literature","References","md","References\Research\無矛盾性述語と無矛盾性論理.md","7902","2025-10-01T19:24:47"
"命題型","Literature","References","md","References\Research\命題型.md","6192","2025-10-15T23:53:32"
"命題量化証明可能性論理","Literature","References","md","References\Research\命題量化証明可能性論理.md","16485","2025-10-28T17:33:37"
"様相原理一覧","Literature","References","md","References\Research\動物園動物園\様相原理一覧.md","6159","2025-11-07T16:57:56"
"様相算術","Literature","References","md","References\Research\様相算術.md","378","2025-09-23T11:51:48"
"論文の読み方","Literature","References","md","References\論文の読み方.md","335","2026-04-26T19:00:25"
"論理学研究MOC","Literature","References","md","References\Research\論理学研究MOC.md","4234","2026-06-21T02:44:21"
"抽象的証明可能構造","Research note","Research","md","Research\抽象的証明可能構造.md","102869","2026-05-22T09:40:11"
"AbProv 上 の解釈可能性次数","APS/G2/provability","Research-memo","md","Research-memo\AbProv 上 の解釈可能性次数.md","1420","2026-03-08T16:44:51"
"AMS・APS・剰余付きAMS-APSの基礎とモデル一覧","APS/G2/provability","Research-memo","md","Research-memo\AMS・APS・剰余付きAMS-APSの基礎とモデル一覧.md","41493","2026-06-17T10:45:03"
"G2 の遷移現象","APS/G2/provability","Research-memo","md","Research-memo\G2 の遷移現象.md","237","2026-02-28T20:22:16"
"G2の内包性","APS/G2/provability","Research-memo","md","Research-memo\G2の内包性.md","3263","2026-02-09T16:46:33"
"GL上の分類","APS/G2/provability","Research-memo","md","Research-memo\GL上の分類.md","396","2025-10-16T07:09:04"
"MND4 の述語無矛盾性","APS/G2/provability","Research-memo","md","Research-memo\MND4 の述語無矛盾性.md","2697","2026-02-13T23:52:47"
"Rosser の可証性述語と数化作用素","APS/G2/provability","Research-memo","md","Research-memo\Rosser の可証性述語と数化作用素.md","217","2025-09-10T15:20:08"
"コーディネート自由なG2","APS/G2/provability","Research-memo","md","Research-memo\コーディネート自由なG2.md","2024","2026-02-11T15:30:25"
"抽象証明可能構造動物園 ZOO of APS","APS/G2/provability","Research-memo","md","Research-memo\抽象証明可能構造動物園 ZOO of APS.md","0","2026-05-01T13:41:29"
"非古典論理上のG2の逆数学","APS/G2/provability","Research-memo","md","Research-memo\非古典論理上のG2の逆数学.md","2136","2026-04-21T00:58:04"
"表現可能性定理とG2","APS/G2/provability","Research-memo","md","Research-memo\表現可能性定理とG2.md","899","2025-09-24T16:24:35"
"超準モデルにおけるGraded Provability","Logic","Research-memo","md","Research-memo\超準モデルにおけるGraded Provability.md","265","2025-09-08T16:03:21"
"「このTは文である」文","Research note","Research-memo","md","Research-memo\「このTは文である」文.md","77","2025-09-04T14:04:08"
"「この文はΣ1-文ではない」【非シグマワン文】","Research note","Research-memo","md","Research-memo\「この文はΣ1-文ではない」【非シグマワン文】.md","78","2025-09-08T16:03:54"
"□□p➝□pと制限されたΣ_1-健全性","Research note","Research-memo","md","Research-memo\□□p➝□pと制限されたΣ_1-健全性.md","344","2025-09-08T16:05:22"
"2 重導出可能性条件│Double derivability condition","Research note","Research-memo","md","Research-memo\2 重導出可能性条件│Double derivability condition.md","66","2025-09-04T11:36:54"
"2 重量化証明可能性論理・2 重述語証明可能性論理","Research note","Research-memo","md","Research-memo\2 重量化証明可能性論理・2 重述語証明可能性論理.md","184","2025-09-04T11:39:35"
"2階の証明可能性述語","Research note","Research-memo","md","Research-memo\2階の証明可能性述語.md","192","2026-02-06T23:16:20"
"2項述語による自己言及","Research note","Research-memo","md","Research-memo\2項述語による自己言及.md","905","2025-09-27T17:44:02"
"3 重証明可能性論理","Research note","Research-memo","md","Research-memo\3 重証明可能性論理.md","685","2025-09-04T11:37:27"
"Abstract Provbaility Predicate","Research note","Research-memo","md","Research-memo\Abstract Provbaility Predicate.md","254","2026-05-22T08:47:33"
"AI推論","Research note","Research-memo","md","Research-memo\AI推論.md","873","2026-04-12T00:55:20"
"Alwe にVisse&Pahkomovrの業績を紹介する","Research note","Research-memo","md","Research-memo\Alwe にVisse&Pahkomovrの業績を紹介する.md","1046","2026-01-15T06:27:18"
"Beklemishev の分類定理と超準モデル","Research note","Research-memo","md","Research-memo\Beklemishev の分類定理と超準モデル.md","0","2025-09-04T09:04:47"
"Consistency Statmentの分離","Research note","Research-memo","md","Research-memo\Consistency Statmentの分離.md","460","2025-09-06T21:59:17"
"CPLに対応する述語モデルW(x)","Research note","Research-memo","md","Research-memo\CPLに対応する述語モデルW(x).md","399","2025-10-28T11:05:14"
"CPL上の分類","Research note","Research-memo","md","Research-memo\CPL上の分類.md","756","2025-10-01T22:56:20"
"D1を満たさない可証性述語","Research note","Research-memo","md","Research-memo\D1を満たさない可証性述語.md","618","2025-09-04T20:37:26"
"D2を満たさない可証性述語まとめ","Research note","Research-memo","md","Research-memo\D2を満たさない可証性述語まとめ.md","28","2025-09-08T16:06:30"
"G′s Consistencyの表現不能性","Research note","Research-memo","md","Research-memo\G′s Consistencyの表現不能性.md","305","2025-09-03T21:41:39"
"Gödel 境界","Research note","Research-memo","md","Research-memo\Gödel 境界.md","1337","2026-02-11T20:40:10"
"Gödel 文と自己言及理論","Research note","Research-memo","md","Research-memo\Gödel 文と自己言及理論.md","1234","2025-10-15T21:29:55"
"Gödel 文と自己整合性","Research note","Research-memo","md","Research-memo\Gödel 文と自己整合性.md","85","2025-10-24T03:27:17"
"Gödel 文についての考察","Research note","Research-memo","md","Research-memo\Gödel 文についての考察.md","663","2025-09-24T14:56:26"
"Gödel 文のコンパクト化","Research note","Research-memo","md","Research-memo\Gödel 文のコンパクト化.md","547","2025-09-10T15:15:37"
"Gödel′s Consistencyに収束するConsistency Sequence","Research note","Research-memo","md","Research-memo\Gödel′s Consistencyに収束するConsistency Sequence.md","2865","2025-09-04T02:41:43"
"Grobal Reflection の様相化","Research note","Research-memo","md","Research-memo\Grobal Reflection の様相化.md","287","2025-11-01T07:22:03"
"K+□⊥","Research note","Research-memo","md","Research-memo\K+□⊥.md","230","2025-10-10T04:34:35"
"Löbの規則を3つの観点から理解する(Mathlog)","Research note","Research-memo","md","Research-memo\Löbの規則を3つの観点から理解する(Mathlog).md","0","2025-10-26T05:44:41"
"Löbの定理と自己言及規則","Research note","Research-memo","md","Research-memo\Löbの定理と自己言及規則.md","1545","2025-10-26T05:45:23"
"Löbの定理と相互言及","Research note","Research-memo","md","Research-memo\Löbの定理と相互言及.md","169","2025-10-01T07:57:45"
"MAIN-MEMO","Research note","Research-memo","md","Research-memo\MAIN-MEMO.md","10583","2025-12-04T17:47:20"
"mutual-self vs. self-mutual","Research note","Research-memo","md","Research-memo\mutual-self vs. self-mutual.md","256","2025-09-23T04:56:04"
"N + □⊥ vs N + □φ","Research note","Research-memo","md","Research-memo\N + □⊥ vs N + □φ.md","265","2025-10-11T16:12:36"
"n 階算術の証明可能性論理","Research note","Research-memo","md","Research-memo\n 階算術の証明可能性論理.md","103","2025-11-10T22:17:48"
"N+¬(□(p➝q)➝(□p➝□q))の述語モデル","Research note","Research-memo","md","Research-memo\N+¬(□(p➝q)➝(□p➝□q))の述語モデル.md","0","2025-09-06T22:00:03"
"N5の述語モデル","Research note","Research-memo","md","Research-memo\N5の述語モデル.md","324","2025-09-06T22:01:31"
"n変数自己言及関係","Research note","Research-memo","md","Research-memo\n変数自己言及関係.md","109","2025-09-28T20:22:07"
"P(x)⇔x(P(x))を満たすPの不動点","Research note","Research-memo","md","Research-memo\P(x)⇔x(P(x))を満たすPの不動点.md","1098","2025-09-28T00:54:02"
"PA+″PA+この公理はP(x)である″の不動点","Research note","Research-memo","md","Research-memo\PA+″PA+この公理はP(x)である″の不動点.md","44","2025-09-10T15:18:45"
"PA上でどの算術的にも属さない証明可能性述語","Research note","Research-memo","md","Research-memo\PA上でどの算術的にも属さない証明可能性述語.md","121","2025-09-06T21:57:52"
"S4に対応する述語モデルKn(x)","Research note","Research-memo","md","Research-memo\S4に対応する述語モデルKn(x).md","2748","2025-09-04T18:52:56"
"Shavrukovの述語モデルについて【超準的な可証性述語】","Research note","Research-memo","md","Research-memo\Shavrukovの述語モデルについて【超準的な可証性述語】.md","443","2025-09-08T16:02:52"
"Stratified Modalityをもつ推論者","Research note","Research-memo","md","Research-memo\Stratified Modalityをもつ推論者.md","1083","2025-09-26T07:44:51"
"Sとの相互言及","Research note","Research-memo","md","Research-memo\Sとの相互言及.md","393","2025-09-20T06:37:16"
"TA上の超準述語モデルの振る舞い","Research note","Research-memo","md","Research-memo\TA上の超準述語モデルの振る舞い.md","542","2025-09-04T09:04:19"
"Tr_n(x)を用いた真理様相の近似","Research note","Research-memo","md","Research-memo\Tr_n(x)を用いた真理様相の近似.md","857","2025-09-08T16:00:58"
"Triv│K+¬(□p⇔p)の述語モデル","Research note","Research-memo","md","Research-memo\Triv│K+¬(□p⇔p)の述語モデル.md","129","2025-09-10T15:18:16"
"Truth theory zoo","Research note","Research-memo","md","Research-memo\Truth theory zoo.md","49","2026-02-10T13:26:26"
"Visser へのメールを送りたい。","Research note","Research-memo","md","Research-memo\Visser へのメールを送りたい。.md","4654","2026-04-01T01:31:52"
"ZFC_Arith","Research note","Research-memo","md","Research-memo\ZFC_Arith.md","469","2025-12-12T12:00:30"
"Δ0-Fmlのみを形式的に証明する述語モデル","Research note","Research-memo","md","Research-memo\Δ0-Fmlのみを形式的に証明する述語モデル.md","29","2025-09-04T09:02:28"
"Π_1述語で表現される理論","Research note","Research-memo","md","Research-memo\Π_1述語で表現される理論.md","1078","2025-09-26T19:17:33"
"Σ_3-証明可能性述語の様相論理","Research note","Research-memo","md","Research-memo\Σ_3-証明可能性述語の様相論理.md","1230","2025-09-04T08:58:50"
"Σ_n 定義可能な理論の証明可能性論理","Research note","Research-memo","md","Research-memo\Σ_n 定義可能な理論の証明可能性論理.md","767","2025-11-10T21:16:20"
"Σ_n(x)の成す多様相論理","Research note","Research-memo","md","Research-memo\Σ_n(x)の成す多様相論理.md","15","2025-09-06T21:58:32"
"Σ1Cの変種","Research note","Research-memo","md","Research-memo\Σ1Cの変種.md","749","2025-09-04T00:18:16"
"アリス含意","Research note","Research-memo","md","Research-memo\アリス含意.md","168","2026-04-13T22:01:45"
"いろいろな理論","Research note","Research-memo","md","Research-memo\いろいろな理論.md","479","2025-09-20T05:17:46"
"お互いに自己言及文となっている相互言及文","Research note","Research-memo","md","Research-memo\お互いに自己言及文となっている相互言及文.md","522","2025-10-14T14:34:32"
"カリーのパラドックス","Research note","Research-memo","md","Research-memo\カリーのパラドックス.md","478","2026-03-09T01:24:01"
"キャロルの論理","Research note","Research-memo","md","Research-memo\キャロルの論理.md","141","2026-03-10T14:44:46"
"この公理体系は完全である","Research note","Research-memo","md","Research-memo\この公理体系は完全である.md","54","2025-09-04T20:38:15"
"この命題の証明はこの命題から証明できない の証明","Research note","Research-memo","md","Research-memo\この命題の証明はこの命題から証明できない の証明.md","0","2025-09-04T20:36:33"
"すべての偶然は何かにとっての必然になる","Research note","Research-memo","md","Research-memo\すべての偶然は何かにとっての必然になる.md","1017","2025-10-08T19:58:16"
"ならば動物園","Research note","Research-memo","md","Research-memo\ならば動物園.md","99","2025-09-26T09:17:30"
"バーナム効果の形式化と算術化","Research note","Research-memo","md","Research-memo\バーナム効果の形式化と算術化.md","199","2025-09-05T17:03:02"
"ハイレベル│病的な推論者(その他)","Research note","Research-memo","md","Research-memo\ハイレベル│病的な推論者(その他).md","14678","2025-10-06T17:19:15"
"ムーアのパラドックス","Research note","Research-memo","md","Research-memo\ムーアのパラドックス.md","454","2025-09-03T21:47:01"
"モダスポネンスが成立しない理論","Research note","Research-memo","md","Research-memo\モダスポネンスが成立しない理論.md","439","2025-09-30T11:41:06"
"モダスポネンスと亀","Research note","Research-memo","md","Research-memo\モダスポネンスと亀.md","1681","2026-04-27T06:33:19"
"モダスポネンスのアリス(無限個の推論規則)","Research note","Research-memo","md","Research-memo\モダスポネンスのアリス(無限個の推論規則).md","3314","2025-09-30T11:37:07"
"一点に潰れる述語モデル","Research note","Research-memo","md","Research-memo\一点に潰れる述語モデル.md","117","2025-09-04T14:00:56"
"一般化された理論","Research note","Research-memo","md","Research-memo\一般化された理論.md","598","2025-09-26T22:59:40"
"一般化された論理式","Research note","Research-memo","md","Research-memo\一般化された論理式.md","1907","2025-10-31T01:05:09"
"一般化量化子","Research note","Research-memo","md","Research-memo\一般化量化子.md","377","2026-03-28T20:54:06"
"引用の論理と抽象代数","Research note","Research-memo","md","Research-memo\引用の論理と抽象代数.md","368","2026-04-17T05:58:45"
"演算子としての無矛盾性述語","Research note","Research-memo","md","Research-memo\演算子としての無矛盾性述語.md","1244","2025-11-03T15:04:07"
"演繹体系を抽象化する","Research note","Research-memo","md","Research-memo\演繹体系を抽象化する.md","958","2026-04-13T06:41:58"
"可算無限個の推論規則をもつ様相論理","Research note","Research-memo","md","Research-memo\可算無限個の推論規則をもつ様相論理.md","528","2025-09-22T12:25:21"
"可述性動画園","Research note","Research-memo","md","Research-memo\可述性動画園.md","1717","2026-02-24T16:27:02"
"可述的包括関手","Research note","Research-memo","md","Research-memo\可述的包括関手.md","4314","2026-04-18T19:16:31"
"可能化の論理","Research note","Research-memo","md","Research-memo\可能化の論理.md","791","2025-09-23T08:02:31"
"解釈可能性とモデル理論","Research note","Research-memo","md","Research-memo\解釈可能性とモデル理論.md","360","2026-04-30T17:46:44"
"解釈可能性と非古典論理","Research note","Research-memo","md","Research-memo\解釈可能性と非古典論理.md","302","2026-03-02T06:04:27"
"解釈可能性代数","Research note","Research-memo","md","Research-memo\解釈可能性代数.md","42","2026-02-21T05:29:57"
"懐疑論理","Research note","Research-memo","md","Research-memo\懐疑論理.md","1038","2025-09-07T20:42:58"
"階層化された自己言及文","Research note","Research-memo","md","Research-memo\階層化された自己言及文.md","351","2025-10-11T20:54:50"
"関係型","Research note","Research-memo","md","Research-memo\関係型.md","13","2025-09-30T03:05:45"
"奇妙に振る舞い合う2つの述語モデル【2 重証明可能性論理】","Research note","Research-memo","md","Research-memo\奇妙に振る舞い合う2つの述語モデル【2 重証明可能性論理】.md","255","2025-09-04T11:38:34"
"偽の算術における述語モデルの振る舞い","Research note","Research-memo","md","Research-memo\偽の算術における述語モデルの振る舞い.md","495","2025-09-04T09:05:15"
"擬証明可能性述語とKTの階層","Research note","Research-memo","md","Research-memo\擬証明可能性述語とKTの階層.md","1160","2025-09-04T09:00:31"
"義務論理と証明可能性述語","Research note","Research-memo","md","Research-memo\義務論理と証明可能性述語.md","203","2025-09-03T21:48:57"
"強い自己言及文","Research note","Research-memo","md","Research-memo\強い自己言及文.md","256","2025-09-04T09:02:53"
"強制論理","Research note","Research-memo","md","Research-memo\強制論理.md","1739","2025-09-03T20:32:15"
"近傍意味論","Research note","Research-memo","md","Research-memo\近傍意味論.md","504","2025-10-18T18:57:29"
"形式位相","Research note","Research-memo","md","Research-memo\形式位相.md","1397","2026-04-24T12:09:48"
"形式化されたInformal rigour","Research note","Research-memo","md","Research-memo\形式化されたInformal rigour.md","572","2025-09-04T09:03:40"
"形式化されたLöbの定理","Research note","Research-memo","md","Research-memo\形式化されたLöbの定理.md","1360","2025-09-30T23:56:02"
"形式化されたΠ_1-不完全性定理","Research note","Research-memo","md","Research-memo\形式化されたΠ_1-不完全性定理.md","301","2025-09-08T16:04:54"
"形式化されたΣ2-完全性","Research note","Research-memo","md","Research-memo\形式化されたΣ2-完全性.md","794","2025-09-04T09:01:33"
"形式化されたモダスポネンスに関する考察","Research note","Research-memo","md","Research-memo\形式化されたモダスポネンスに関する考察.md","933","2025-09-14T03:40:04"
"形式化された第1不完全性定理について","Research note","Research-memo","md","Research-memo\形式化された第1不完全性定理について.md","5453","2025-10-04T19:54:41"
"形式世界と強制","Research note","Research-memo","md","Research-memo\形式世界と強制.md","566","2025-10-09T13:02:48"
"形式世界と非古典論理","Research note","Research-memo","md","Research-memo\形式世界と非古典論理.md","287","2025-09-30T16:30:34"
"形式体系における常識","Research note","Research-memo","md","Research-memo\形式体系における常識.md","114","2025-09-23T11:37:00"
"形式的証明可能性に関する考察","Research note","Research-memo","md","Research-memo\形式的証明可能性に関する考察.md","458","2025-09-04T00:16:45"
"圏論的解釈可能性","Research note","Research-memo","md","Research-memo\圏論的解釈可能性.md","3112","2026-05-03T08:08:48"
"圏論的自己検証理論","Research note","Research-memo","md","Research-memo\圏論的自己検証理論.md","217","2026-04-08T04:18:46"
"研究アイデアInbox","Research note","Research-memo","md","Research-memo\研究アイデアInbox.md","582","2026-06-15T07:33:13"
"言及と何か","Research note","Research-memo","md","Research-memo\言及と何か.md","246","2025-09-16T01:09:12"
"言語の拡張に伴う算術的解釈に関する注記","Research note","Research-memo","md","Research-memo\言語の拡張に伴う算術的解釈に関する注記.md","415","2025-09-03T21:40:55"
"公理と推論規則の差異に関する分析","Research note","Research-memo","md","Research-memo\公理と推論規則の差異に関する分析.md","92","2026-05-02T21:41:42"
"公理述語Ax(x)の様相論理","Research note","Research-memo","md","Research-memo\公理述語Ax(x)の様相論理.md","284","2025-09-08T16:02:25"
"公理枚挙代数","Research note","Research-memo","md","Research-memo\公理枚挙代数.md","225","2026-02-16T18:53:56"
"再帰的な可証性述語","Research note","Research-memo","md","Research-memo\再帰的な可証性述語.md","238","2025-09-08T16:05:52"
"最初の数化と次の数化の違い","Research note","Research-memo","md","Research-memo\最初の数化と次の数化の違い.md","279","2025-09-08T16:04:19"
"算術化された命令文","Research note","Research-memo","md","Research-memo\算術化された命令文.md","1903","2025-09-23T13:54:27"
"算術体系における式変数と式量化子の取り扱いについて","Research note","Research-memo","md","Research-memo\算術体系における式変数と式量化子の取り扱いについて.md","1200","2025-09-03T20:31:10"
"算術体系の恒偽部分","Research note","Research-memo","md","Research-memo\算術体系の恒偽部分.md","210","2025-09-26T11:46:40"
"算術的解釈についてのメモ","Research note","Research-memo","md","Research-memo\算術的解釈についてのメモ.md","347","2025-09-30T12:00:06"
"算術的解釈を関数とみなす","Research note","Research-memo","md","Research-memo\算術的解釈を関数とみなす.md","4807","2025-09-06T23:22:22"
"算術的階層の論理","Research note","Research-memo","md","Research-memo\算術的階層の論理.md","163","2025-09-26T13:09:52"
"算術的完全性定理に関するメモ","Research note","Research-memo","md","Research-memo\算術的完全性定理に関するメモ.md","364","2025-10-06T12:40:12"
"使用と言及の代数","Research note","Research-memo","md","Research-memo\使用と言及の代数.md","739","2026-04-17T15:43:49"
"使用と言及の論理","Research note","Research-memo","md","Research-memo\使用と言及の論理.md","665","2025-09-04T08:48:13"
"指示語this","Research note","Research-memo","md","Research-memo\指示語this.md","202","2025-10-11T21:28:54"
"自己引用文と様相","Research note","Research-memo","md","Research-memo\自己引用文と様相.md","1634","2025-10-06T00:53:30"
"自己嘘つき文","Research note","Research-memo","md","Research-memo\自己嘘つき文.md","895","2025-10-06T22:32:36"
"自己可証性論理","Research note","Research-memo","md","Research-memo\自己可証性論理.md","3198","2025-09-29T14:59:21"
"自己可適述語","Research note","Research-memo","md","Research-memo\自己可適述語.md","3479","2025-10-11T16:15:32"
"自己完結した理論と様相論理","Research note","Research-memo","md","Research-memo\自己完結した理論と様相論理.md","2121","2025-10-08T20:39:22"
"自己空な理論","Research note","Research-memo","md","Research-memo\自己空な理論.md","1427","2025-09-16T09:57:16"
"自己健全文","Research note","Research-memo","md","Research-memo\自己健全文.md","1012","2025-09-04T00:16:08"
"自己検証理論の一般化","Research note","Research-memo","md","Research-memo\自己検証理論の一般化.md","268","2025-12-18T06:20:58"
"自己言及クラス","Research note","Research-memo","md","Research-memo\自己言及クラス.md","92","2026-02-04T12:36:21"
"自己言及しない文","Research note","Research-memo","md","Research-memo\自己言及しない文.md","78","2025-09-04T14:04:39"
"自己言及する自己言及","Research note","Research-memo","md","Research-memo\自己言及する自己言及.md","2341","2025-09-29T17:46:05"
"自己言及する述語","Research note","Research-memo","md","Research-memo\自己言及する述語.md","1987","2025-09-03T21:42:34"
"自己言及する証明可能性述語","Research note","Research-memo","md","Research-memo\自己言及する証明可能性述語.md","501","2025-10-04T18:29:29"
"自己言及と位相","Research note","Research-memo","md","Research-memo\自己言及と位相.md","119","2025-11-19T16:55:59"
"自己言及と極限","Research note","Research-memo","md","Research-memo\自己言及と極限.md","983","2025-09-28T11:36:41"
"自己言及と算術の閉包性","Research note","Research-memo","md","Research-memo\自己言及と算術の閉包性.md","1466","2025-10-03T11:49:29"
"自己言及はどんな形をしているか？","Research note","Research-memo","md","Research-memo\自己言及はどんな形をしているか？.md","112","2026-02-23T15:26:25"
"自己言及を作る文","Research note","Research-memo","md","Research-memo\自己言及を作る文.md","452","2025-09-03T21:48:32"
"自己言及関数","Research note","Research-memo","md","Research-memo\自己言及関数.md","532","2025-09-24T15:36:31"
"自己言及関数, 自己言及述語","Research note","Research-memo","md","Research-memo\自己言及関数, 自己言及述語.md","442","2025-09-03T20:29:36"
"自己言及規則","Research note","Research-memo","md","Research-memo\自己言及規則.md","4750","2026-04-20T03:10:10"
"自己言及言及 vs.自己自己言及","Research note","Research-memo","md","Research-memo\自己言及言及 vs.自己自己言及.md","58","2025-09-03T20:28:41"
"自己言及作用素に対する不動点","Research note","Research-memo","md","Research-memo\自己言及作用素に対する不動点.md","907","2025-09-04T17:24:38"
"自己言及述語と猫のない笑い","Research note","Research-memo","md","Research-memo\自己言及述語と猫のない笑い.md","1806","2025-09-27T18:59:00"
"自己言及述語の不動点","Research note","Research-memo","md","Research-memo\自己言及述語の不動点.md","625","2025-09-29T21:00:25"
"自己言及述語の分類","Research note","Research-memo","md","Research-memo\自己言及述語の分類.md","1019","2025-09-26T23:34:05"
"自己言及述語を作る","Research note","Research-memo","md","Research-memo\自己言及述語を作る.md","1294","2025-09-29T15:51:10"
"自己言及証明","Research note","Research-memo","md","Research-memo\自己言及証明.md","107","2026-04-30T06:29:49"
"自己言及体系","Research note","Research-memo","md","Research-memo\自己言及体系.md","201","2026-04-30T15:45:58"
"自己言及談話","Research note","Research-memo","md","Research-memo\自己言及談話.md","3099","2025-10-04T16:08:43"
"自己言及文","Research note","Research-memo","md","Research-memo\自己言及文.md","219","2025-10-22T22:23:39"
"自己言及文と算術的階層","Research note","Research-memo","md","Research-memo\自己言及文と算術的階層.md","337","2025-09-03T21:48:04"
"自己言及文と双対性","Research note","Research-memo","md","Research-memo\自己言及文と双対性.md","263","2025-10-28T12:57:22"
"自己言及文と抽象代数","Research note","Research-memo","md","Research-memo\自己言及文と抽象代数.md","2844","2026-05-16T13:42:30"
"自己言及文の極限","Research note","Research-memo","md","Research-memo\自己言及文の極限.md","77","2025-09-29T12:59:56"
"自己言及文の合成","Research note","Research-memo","md","Research-memo\自己言及文の合成.md","1695","2025-10-11T20:02:09"
"自己言及文の否定","Research note","Research-memo","md","Research-memo\自己言及文の否定.md","734","2025-10-15T23:49:17"
"自己言及文の分解と分類","Research note","Research-memo","md","Research-memo\自己言及文の分解と分類.md","101","2025-09-03T21:49:24"
"自己言及文の分類に関するメモ","Research note","Research-memo","md","Research-memo\自己言及文の分類に関するメモ.md","217","2025-09-26T10:56:19"
"自己言及文を相互言及文に分解する","Research note","Research-memo","md","Research-memo\自己言及文を相互言及文に分解する.md","473","2025-09-16T01:45:42"
"自己言及命題型","Research note","Research-memo","md","Research-memo\自己言及命題型.md","258","2025-09-28T13:17:48"
"自己言及理論","Research note","Research-memo","md","Research-memo\自己言及理論.md","1086","2026-01-29T02:19:31"
"自己言及論理","Research note","Research-memo","md","Research-memo\自己言及論理.md","361","2026-04-12T08:52:18"
"自己充足性に関する考察","Research note","Research-memo","md","Research-memo\自己充足性に関する考察.md","4753","2025-10-14T22:23:42"
"自己消滅系","Research note","Research-memo","md","Research-memo\自己消滅系.md","471","2026-05-26T00:30:05"
"自己整合述語述語","Research note","Research-memo","md","Research-memo\自己整合述語述語.md","716","2025-10-18T19:32:55"
"自己適用により同値になる述語","Research note","Research-memo","md","Research-memo\自己適用により同値になる述語.md","306","2025-09-20T02:17:32"
"自己独立文","Research note","Research-memo","md","Research-memo\自己独立文.md","1510","2025-10-11T20:25:27"
"自己内包理論","Research note","Research-memo","md","Research-memo\自己内包理論.md","2566","2026-03-11T05:43:36"
"自己反映文と様相論理","Research note","Research-memo","md","Research-memo\自己反映文と様相論理.md","735","2025-09-28T15:46:57"
"自己不整合述語","Research note","Research-memo","md","Research-memo\自己不整合述語.md","0","2025-09-28T09:59:54"
"自己無矛盾性についての考察","Research note","Research-memo","md","Research-memo\自己無矛盾性についての考察.md","1161","2025-09-29T17:46:05"
"自己無矛盾文の近似","Research note","Research-memo","md","Research-memo\自己無矛盾文の近似.md","285","2025-09-26T11:00:39"
"自己無矛盾文再考!!","Research note","Research-memo","md","Research-memo\自己無矛盾文再考!!.md","4726","2025-10-08T17:26:44"
"自己無矛盾理論","Research note","Research-memo","md","Research-memo\自己無矛盾理論.md","232","2026-01-31T00:37:18"
"自己矛盾する自己言及文","Research note","Research-memo","md","Research-memo\自己矛盾する自己言及文.md","714","2025-09-28T07:21:14"
"自然数は論理式である","Research note","Research-memo","md","Research-memo\自然数は論理式である.md","1590","2025-09-29T17:11:38"
"弱い推論者の論理","Research note","Research-memo","md","Research-memo\弱い推論者の論理.md","414","2025-09-04T09:05:49"
"主述の捻じれとツイステッド領域","Research note","Research-memo","md","Research-memo\主述の捻じれとツイステッド領域.md","269","2026-05-16T07:38:17"
"主述の反転とキャロルの論理","Research note","Research-memo","md","Research-memo\主述の反転とキャロルの論理.md","1408","2026-04-23T17:14:38"
"主述の反転と第二不完全性定理","Research note","Research-memo","md","Research-memo\主述の反転と第二不完全性定理.md","686","2026-01-29T21:43:18"
"渋谷セミナー3 (2026.6.19)","Research note","Research-memo","md","Research-memo\渋谷セミナー3 (2026.6.19).md","4464","2026-06-19T06:19:47"
"述語と対象の論理","Research note","Research-memo","md","Research-memo\述語と対象の論理.md","848","2026-04-11T19:20:02"
"述語と量化範囲","Research note","Research-memo","md","Research-memo\述語と量化範囲.md","487","2025-10-11T19:12:53"
"述語の代数","Research note","Research-memo","md","Research-memo\述語の代数.md","145","2025-09-18T08:41:18"
"述語解釈可能性論理","Research note","Research-memo","md","Research-memo\述語解釈可能性論理.md","0","2025-09-04T14:00:22"
"述語空間上の演算","Research note","Research-memo","md","Research-memo\述語空間上の演算.md","267","2025-09-10T15:19:19"
"述語証明可能性論理の圏","Research note","Research-memo","md","Research-memo\述語証明可能性論理の圏.md","82","2025-11-01T07:12:58"
"述語証明可能性論理は非可算個存在するか？","Research note","Research-memo","md","Research-memo\述語証明可能性論理は非可算個存在するか？.md","4323","2025-09-04T14:02:12"
"述語定数","Research note","Research-memo","md","Research-memo\述語定数.md","522","2025-09-28T10:21:01"
"述語変数と述語量化子","Research note","Research-memo","md","Research-memo\述語変数と述語量化子.md","1005","2025-09-11T19:32:57"
"述語論理の一般論","Research note","Research-memo","md","Research-memo\述語論理の一般論.md","408","2026-04-24T19:38:51"
"小さい自己言及","Research note","Research-memo","md","Research-memo\小さい自己言及.md","539","2025-09-16T01:02:49"
"証明と証明可能性","Research note","Research-memo","md","Research-memo\証明と証明可能性.md","1207","2026-04-26T03:08:39"
"証明と証明可能性の論理","Research note","Research-memo","md","Research-memo\証明と証明可能性の論理.md","1188","2025-09-24T17:08:21"
"証明と理論の相互言及","Research note","Research-memo","md","Research-memo\証明と理論の相互言及.md","710","2025-10-04T16:18:50"
"証明可能性と無矛盾性の2重様相論理","Research note","Research-memo","md","Research-memo\証明可能性と無矛盾性の2重様相論理.md","1843","2025-09-23T09:03:54"
"証明可能性述語","Research note","Research-memo","md","Research-memo\証明可能性述語.md","411","2025-10-01T23:14:42"
"証明可能性述語と自己言及","Research note","Research-memo","md","Research-memo\証明可能性述語と自己言及.md","316","2025-09-30T19:56:40"
"証明可能性述語に関する考察","Research note","Research-memo","md","Research-memo\証明可能性述語に関する考察.md","585","2025-09-04T08:59:14"
"証明可能性論理の順序","Research note","Research-memo","md","Research-memo\証明可能性論理の順序.md","1601","2025-09-26T16:01:42"
"証明可能体系動物園","Research note","Research-memo","md","Research-memo\証明可能体系動物園.md","1395","2025-11-02T10:25:47"
"証明図の反転","Research note","Research-memo","md","Research-memo\証明図の反転.md","1859","2025-09-21T20:35:44"
"証明不能性と反証可能性","Research note","Research-memo","md","Research-memo\証明不能性と反証可能性.md","175","2025-09-03T21:42:05"
"真の算術の証明可能性述語","Research note","Research-memo","md","Research-memo\真の算術の証明可能性述語.md","225","2025-10-28T15:21:04"
"推論者とは実数である。","Research note","Research-memo","md","Research-memo\推論者とは実数である。.md","597","2025-09-06T15:38:15"
"推論者と極限","Research note","Research-memo","md","Research-memo\推論者と極限.md","428","2025-09-28T11:57:49"
"推論者と理論の対応に関する注意","Research note","Research-memo","md","Research-memo\推論者と理論の対応に関する注意.md","709","2025-09-27T21:57:45"
"推論者の様相と信念論理動物園","Research note","Research-memo","md","Research-memo\推論者の様相と信念論理動物園.md","493","2025-09-03T20:28:10"
"推論者の論理にかんする注記","Research note","Research-memo","md","Research-memo\推論者の論理にかんする注記.md","671","2025-09-05T13:56:22"
"推論者変数","Research note","Research-memo","md","Research-memo\推論者変数.md","1754","2025-09-23T16:51:09"
"推論体系の命題化","Research note","Research-memo","md","Research-memo\推論体系の命題化.md","564","2025-09-24T13:57:53"
"数化の圏アリス","Research note","Research-memo","md","Research-memo\数化の圏アリス.md","1433","2025-09-06T21:57:03"
"数化作用素と超準モデル","Research note","Research-memo","md","Research-memo\数化作用素と超準モデル.md","1675","2025-10-11T17:26:40"
"数化対象による言語の拡張","Research note","Research-memo","md","Research-memo\数化対象による言語の拡張.md","1492","2025-09-23T23:20:53"
"数化反映","Research note","Research-memo","md","Research-memo\数化反映.md","94","2025-09-03T19:06:20"
"制限付き証明の様相","Research note","Research-memo","md","Research-memo\制限付き証明の様相.md","388","2025-09-24T15:07:59"
"正の推論者","Research note","Research-memo","md","Research-memo\正の推論者.md","293","2025-09-12T01:40:51"
"誠実な推論者","Research note","Research-memo","md","Research-memo\誠実な推論者.md","630","2025-09-09T22:17:41"
"選言特性と連言特性","Research note","Research-memo","md","Research-memo\選言特性と連言特性.md","863","2025-10-11T20:39:37"
"素朴な証明可能性とは何か","Research note","Research-memo","md","Research-memo\素朴な証明可能性とは何か.md","556","2025-09-27T22:12:15"
"双対証明可能性論理","Research note","Research-memo","md","Research-memo\双対証明可能性論理.md","1737","2025-09-23T09:46:53"
"双対証明述語","Research note","Research-memo","md","Research-memo\双対証明述語.md","188","2025-09-24T16:08:49"
"双対理論 -理論を証明する世界-","Research note","Research-memo","md","Research-memo\双対理論 -理論を証明する世界-.md","691","2025-09-10T03:21:47"
"倉橋先生3(考察メモ)","Research note","Research-memo","md","Research-memo\倉橋先生3(考察メモ).md","6100","2025-09-08T00:33:40"
"相互言及の様相論理","Research note","Research-memo","md","Research-memo\相互言及の様相論理.md","320","2025-09-06T22:00:57"
"相互言及述語","Research note","Research-memo","md","Research-memo\相互言及述語.md","380","2025-09-13T00:31:13"
"相互再帰的に作られる命題様相論理","Research note","Research-memo","md","Research-memo\相互再帰的に作られる命題様相論理.md","426","2025-09-07T16:43:55"
"相互推論者の論理","Research note","Research-memo","md","Research-memo\相互推論者の論理.md","528","2025-09-04T08:59:58"
"相互無矛盾な理論についてのメモ","Research note","Research-memo","md","Research-memo\相互無矛盾な理論についてのメモ.md","402","2025-09-07T12:47:02"
"相互無矛盾な理論の構成？","Research note","Research-memo","md","Research-memo\相互無矛盾な理論の構成？.md","309","2026-01-30T11:23:25"
"相互矛盾文と相互無矛盾文","Research note","Research-memo","md","Research-memo\相互矛盾文と相互無矛盾文.md","54","2025-09-04T00:15:29"
"相互命題量化証明可能性論理","Research note","Research-memo","md","Research-memo\相互命題量化証明可能性論理.md","753","2025-10-01T07:53:35"
"相互様相論理","Research note","Research-memo","md","Research-memo\相互様相論理.md","598","2025-10-30T04:09:27"
"相対証明可能性論理","Research note","Research-memo","md","Research-memo\相対証明可能性論理.md","815","2025-09-09T20:05:23"
"対角線論法に関する考察","Research note","Research-memo","md","Research-memo\対角線論法に関する考察.md","2238","2025-10-01T13:57:11"
"対称性Symを満たす様相論理","Research note","Research-memo","md","Research-memo\対称性Symを満たす様相論理.md","1478","2025-10-11T01:37:31"
"大岡山ロジックセミナー","Research note","Research-memo","md","Research-memo\大岡山ロジックセミナー.md","5095","2025-10-25T23:07:13"
"第1不完全性定理定理に関するメモ","Research note","Research-memo","md","Research-memo\第1不完全性定理定理に関するメモ.md","1947","2025-10-06T16:15:44"
"第三不完全性定理","Research note","Research-memo","md","Research-memo\第三不完全性定理.md","463","2025-10-01T21:16:44"
"単調性条件に関する考察","Research note","Research-memo","md","Research-memo\単調性条件に関する考察.md","294","2025-10-05T01:35:40"
"抽象モデル理論","Research note","Research-memo","md","Research-memo\抽象モデル理論.md","739","2026-03-26T17:12:01"
"抽象証明可能構造","Research note","Research-memo","md","Research-memo\抽象証明可能構造.md","32","2026-05-09T00:41:22"
"抽象的解釈可能構造","Research note","Research-memo","md","Research-memo\抽象的解釈可能構造.md","65","2026-03-07T23:42:01"
"抽象的自己検証理論","Research note","Research-memo","md","Research-memo\抽象的自己検証理論.md","1407","2026-05-06T16:49:26"
"抽象的証明可能構造と形式化作用素","Research note","Research-memo","md","Research-memo\抽象的証明可能構造と形式化作用素.md","289","2026-05-05T23:10:28"
"超準アリス変換","Research note","Research-memo","md","Research-memo\超準アリス変換.md","354","2025-09-07T16:11:14"
"超準モデルと証明可能性述語","Research note","Research-memo","md","Research-memo\超準モデルと証明可能性述語.md","3549","2025-10-11T18:42:17"
"超準モデルと定義可能性について","Research note","Research-memo","md","Research-memo\超準モデルと定義可能性について.md","779","2025-09-29T14:58:02"
"超準モデルにおける自己言及述語の振る舞い","Research note","Research-memo","md","Research-memo\超準モデルにおける自己言及述語の振る舞い.md","77","2025-09-28T13:17:18"
"定義不可能な命題定数","Research note","Research-memo","md","Research-memo\定義不可能な命題定数.md","79","2025-09-10T19:44:16"
"定理に言及する公理","Research note","Research-memo","md","Research-memo\定理に言及する公理.md","344","2025-09-26T23:12:13"
"同値な命題を同一視する作用素","Research note","Research-memo","md","Research-memo\同値な命題を同一視する作用素.md","439","2025-09-16T06:37:10"
"同値になる相互言及文","Research note","Research-memo","md","Research-memo\同値になる相互言及文.md","102","2025-09-14T19:13:58"
"導出可能性代数","Research note","Research-memo","md","Research-memo\導出可能性代数.md","0","2026-02-23T15:41:16"
"反省的閉包","Research note","Research-memo","md","Research-memo\反省的閉包.md","1536","2026-02-09T19:35:15"
"反証可能性論理","Research note","Research-memo","md","Research-memo\反証可能性論理.md","484","2025-09-25T02:09:02"
"反復される度に算術的複雑性が変わる述語モデル","Research note","Research-memo","md","Research-memo\反復される度に算術的複雑性が変わる述語モデル.md","881","2025-09-04T14:03:05"
"反復不動点と自己言及述語","Research note","Research-memo","md","Research-memo\反復不動点と自己言及述語.md","2465","2025-09-28T01:05:01"
"反例","Research note","Research-memo","md","Research-memo\反例.md","150","2026-04-21T03:16:56"
"反例不変な述語","Research note","Research-memo","md","Research-memo\反例不変な述語.md","501","2025-09-30T02:09:02"
"反例崩壊と反例化階層","Research note","Research-memo","md","Research-memo\反例崩壊と反例化階層.md","556","2025-09-09T18:35:23"
"非可述的包括関手","Research note","Research-memo","md","Research-memo\非可述的包括関手.md","371","2026-03-03T11:35:29"
"非古典集合論","Research note","Research-memo","md","Research-memo\非古典集合論.md","363","2026-04-24T22:26:32"
"非古典論理上の解釈可能性次数","Research note","Research-memo","md","Research-memo\非古典論理上の解釈可能性次数.md","916","2026-03-04T20:52:56"
"非整楚集合論","Research note","Research-memo","md","Research-memo\非整楚集合論.md","161","2026-01-31T03:19:18"
"非正規多様相証明可能性論理","Research note","Research-memo","md","Research-memo\非正規多様相証明可能性論理.md","304","2025-10-28T17:02:43"
"非単調論理","Research note","Research-memo","md","Research-memo\非単調論理.md","255","2026-04-04T20:05:45"
"標準モデルにおける無矛盾性とは","Research note","Research-memo","md","Research-memo\標準モデルにおける無矛盾性とは.md","717","2025-09-04T00:17:48"
"病的な論理体系","Research note","Research-memo","md","Research-memo\病的な論理体系.md","1295","2026-04-18T07:30:40"
"病的な論理体系Ⅱ","Research note","Research-memo","md","Research-memo\病的な論理体系Ⅱ.md","237","2026-05-16T13:00:45"
"不完全性定理再考","Research note","Research-memo","md","Research-memo\不完全性定理再考.md","1346","2026-02-18T22:24:00"
"不動点定理と(Nec)","Research note","Research-memo","md","Research-memo\不動点定理と(Nec).md","1374","2025-10-01T08:16:47"
"不動点定理に関する考察","Research note","Research-memo","md","Research-memo\不動点定理に関する考察.md","246","2025-09-04T14:03:38"
"文と述語の相互言及","Research note","Research-memo","md","Research-memo\文と述語の相互言及.md","641","2025-09-14T04:19:39"
"文と証明の相互言及","Research note","Research-memo","md","Research-memo\文と証明の相互言及.md","469","2025-09-20T04:08:17"
"文の自己言及と体系の自己言及の違い","Research note","Research-memo","md","Research-memo\文の自己言及と体系の自己言及の違い.md","269","2025-09-24T14:27:17"
"文化作用素","Research note","Research-memo","md","Research-memo\文化作用素.md","295","2025-09-11T00:46:13"
"文述語付き量化命題証明可能性論理","Research note","Research-memo","md","Research-memo\文述語付き量化命題証明可能性論理.md","75","2025-09-03T20:30:14"
"本質的決定不可能性と不動点定理の成立境界","Research note","Research-memo","md","Research-memo\本質的決定不可能性と不動点定理の成立境界.md","74","2026-02-16T14:33:33"
"万能自己言及述語","Research note","Research-memo","md","Research-memo\万能自己言及述語.md","1699","2025-09-30T03:13:04"
"万能不動点","Research note","Research-memo","md","Research-memo\万能不動点.md","498","2025-10-20T23:28:43"
"無限引用符述語","Research note","Research-memo","md","Research-memo\無限引用符述語.md","2185","2025-09-16T00:56:33"
"無矛盾の階層","Research note","Research-memo","md","Research-memo\無矛盾の階層.md","125","2025-09-26T10:40:00"
"無矛盾性の様相","Research note","Research-memo","md","Research-memo\無矛盾性の様相.md","213","2025-10-18T14:03:59"
"無矛盾性言明動物園","Research note","Research-memo","md","Research-memo\無矛盾性言明動物園.md","152","2026-02-06T23:23:45"
"矛盾が凡てを証明するような述語モデル","Research note","Research-memo","md","Research-memo\矛盾が凡てを証明するような述語モデル.md","189","2025-09-04T20:36:05"
"矛盾とは何かについての考察【証明可能性論理】【不完全性定理】","Research note","Research-memo","md","Research-memo\矛盾とは何かについての考察【証明可能性論理】【不完全性定理】.md","1354","2025-09-04T14:05:13"
"矛盾の階層","Research note","Research-memo","md","Research-memo\矛盾の階層.md","1571","2025-09-26T12:18:50"
"命題型についての注意","Research note","Research-memo","md","Research-memo\命題型についての注意.md","133","2025-09-26T12:55:02"
"命題型の不動点を用いて規則(Löb)を表現する","Research note","Research-memo","md","Research-memo\命題型の不動点を用いて規則(Löb)を表現する.md","8579","2025-09-28T18:17:58"
"命題量化Peano 算術","Research note","Research-memo","md","Research-memo\命題量化Peano 算術.md","946","2025-10-28T15:16:29"
"命題量化子つき証明述語論理","Research note","Research-memo","md","Research-memo\命題量化子つき証明述語論理.md","1304","2025-09-17T01:58:31"
"命題量化子による複雑性","Research note","Research-memo","md","Research-memo\命題量化子による複雑性.md","245","2025-09-29T14:13:31"
"命題量化子に関する注意","Research note","Research-memo","md","Research-memo\命題量化子に関する注意.md","12408","2025-10-10T11:18:34"
"命題量化子の意味論的解釈","Research note","Research-memo","md","Research-memo\命題量化子の意味論的解釈.md","157","2025-10-11T23:53:36"
"命題量化子付き述語様相論理","Research note","Research-memo","md","Research-memo\命題量化子付き述語様相論理.md","861","2025-09-16T03:04:28"
"命題量化様相論理","Research note","Research-memo","md","Research-memo\命題量化様相論理.md","846","2025-10-30T01:59:34"
"有界算術と様相","Research note","Research-memo","md","Research-memo\有界算術と様相.md","279","2025-10-10T12:08:22"
"様相だけで Q を再現する.","Research note","Research-memo","md","Research-memo\様相だけで Q を再現する..md","466","2026-02-18T11:07:39"
"様相論理と可言及性","Research note","Research-memo","md","Research-memo\様相論理と可言及性.md","902","2025-09-14T00:43:58"
"理論と証明の抽象論","Research note","Research-memo","md","Research-memo\理論と証明の抽象論.md","1298","2026-04-21T03:30:58"
"理論のナンバリング(枚挙)","Research note","Research-memo","md","Research-memo\理論のナンバリング(枚挙).md","0","2025-09-16T06:28:32"
"理論の極限と不完全性定理","Research note","Research-memo","md","Research-memo\理論の極限と不完全性定理.md","7785","2025-10-05T02:29:00"
"流行のシステム","Research note","Research-memo","md","Research-memo\流行のシステム.md","562","2026-02-18T22:12:36"
"量化反映に関するメモ","Research note","Research-memo","md","Research-memo\量化反映に関するメモ.md","468","2025-09-04T11:39:04"
"量化様相命題論理と証明可能性述語","Research note","Research-memo","md","Research-memo\量化様相命題論理と証明可能性述語.md","5642","2025-09-04T14:01:37"
"量化様相論理動物園","Research note","Research-memo","md","Research-memo\量化様相論理動物園.md","71","2025-09-03T21:43:29"
"領域理論","Research note","Research-memo","md","Research-memo\領域理論.md","5986","2026-05-01T05:36:39"
"領域理論と自己言及の分類","Research note","Research-memo","md","Research-memo\領域理論と自己言及の分類.md","594","2026-04-27T21:42:03"
"論理の創発現象","Research note","Research-memo","md","Research-memo\論理の創発現象.md","194","2026-05-14T03:38:20"
"論理的表現空間","Research note","Research-memo","md","Research-memo\論理的表現空間.md","4558","2026-04-26T20:31:53"
"研究テーマ_第二不完全性定理の代数的逆数学; 抽象的証明可能構造(APS)の観点から_Tex","APS/G2/provability","Tex","md","Tex\研究テーマ_第二不完全性定理の代数的逆数学; 抽象的証明可能構造(APS)の観点から_Tex.md","395","2026-04-27T22:20:43"
"PLPQ動物園","Research presentation","研究紹介","md","研究紹介\PLPQ動物園.md","0","2025-10-01T12:07:33"
"研究者紹介","Research presentation","研究紹介","md","研究紹介\研究者紹介.md","724","2025-10-12T01:00:28"
"研究者紹介2","Research presentation","研究紹介","md","研究紹介\研究者紹介2.md","41","2026-02-24T13:10:17"
"研究集会で使いがちなワード集","Research presentation","研究紹介","md","研究紹介\研究集会で使いがちなワード集.md","1723","2026-04-27T05:20:11"
"研究紹介1","Research presentation","研究紹介","md","研究紹介\研究紹介1.md","2728","2025-10-13T00:16:01"
"研究紹介3","Research presentation","研究紹介","md","研究紹介\研究紹介3.md","432","2025-10-04T22:37:56"
"研究紹介4","Research presentation","研究紹介","md","研究紹介\研究紹介4.md","1356","2026-03-11T22:56:26"
"研究紹介5","Research presentation","研究紹介","md","研究紹介\研究紹介5.md","741","2026-04-06T22:25:47"
"研究紹介6","Research presentation","研究紹介","md","研究紹介\研究紹介6.md","359","2026-04-12T00:13:50"
"研究紹介7","Research presentation","研究紹介","md","研究紹介\研究紹介7.md","48","2026-05-06T07:11:53"
"自己研究紹介","Research presentation","研究紹介","md","研究紹介\自己研究紹介.md","1483","2026-04-26T00:59:33"
"自己言及述語は算術的階層の夢をみるか？","Research presentation","研究紹介","md","研究紹介\自己言及述語は算術的階層の夢をみるか？.md","27","2025-10-01T11:36:00"
